{"cameraMode":{"drawMode":0,"name":"Shaded","section":"Shading Mode"},"sceneLighting":false,"audioPlay":false,"sceneViewState":{"m_AlwaysRefresh":false,"showFog":true,"showSkybox":false,"showFlares":true,"showImageEffects":true,"showParticleSystems":true,"showVisualEffectGraphs":true,"m_FxEnabled":true},"in2DMode":false,"pivot":{"x":932.0615844726563,"y":534.3134155273438,"z":-20.038301467895509},"rotation":{"x":0.005828488618135452,"y":-0.9761617183685303,"z":-0.026359377428889276,"w":-0.21571850776672364},"size":35.35533905029297,"orthographic":false}