{"cameraMode":{"drawMode":0,"name":"Shaded","section":"Shading Mode"},"sceneLighting":true,"audioPlay":false,"sceneViewState":{"showFog":true,"showMaterialUpdate":false,"showSkybox":true,"showFlares":true,"showImageEffects":true,"showParticleSystems":true,"showVisualEffectGraphs":true,"m_FxEnabled":true},"in2DMode":false,"pivot":{"x":-0.4245021343231201,"y":-11.058929443359375,"z":-3.644651412963867},"rotation":{"x":0.010239790193736554,"y":-0.8931875824928284,"z":0.4491090476512909,"w":0.020364897325634958},"size":20.555845260620118,"orthographic":false}